{"cameraMode":{"drawMode":0,"name":"Shaded","section":"Shading Mode"},"sceneLighting":true,"audioPlay":false,"sceneViewState":{"showFog":true,"showMaterialUpdate":false,"showSkybox":true,"showFlares":true,"showImageEffects":true,"showParticleSystems":true},"in2DMode":false,"pivot":{"x":27.29526710510254,"y":9.405013084411621,"z":6.092192649841309},"rotation":{"x":0.008309118449687958,"y":0.9911157488822937,"z":-0.10927379876375199,"w":0.07536453753709793},"size":1.359483242034912,"orthographic":false}