{"cameraMode":{"drawMode":0,"name":"Shaded","section":"Shading Mode"},"sceneLighting":true,"audioPlay":false,"sceneViewState":{"showFog":true,"showMaterialUpdate":false,"showSkybox":true,"showFlares":true,"showImageEffects":true,"showParticleSystems":true},"in2DMode":false,"pivot":{"x":66.7899169921875,"y":21.799999237060548,"z":33.59999084472656},"rotation":{"x":0.06308197975158692,"y":0.7597097158432007,"z":-0.07454483211040497,"w":0.6428890824317932},"size":973.3787841796875,"orthographic":false}